step,loss,val_loss,lr,grad_norm,dt_ms,tok_per_sec
0,10.887026,10.888095,0.000000,1.298128,106804.421297,1227.215113
1,10.885769,-1.000000,0.000001,2.366600,59021.504394,2220.749900
2,10.885987,-1.000000,0.000001,2.475993,59063.444535,2219.172976
3,10.881292,-1.000000,0.000001,2.433825,60608.708046,2162.593532
